0,[
1,page
5,-
6,13
8,]
9,

10,

11,第三章
20,

21,<
22,H1
24,>
25,建立
31,第一
37,個
40,應用
46,程式
52,<
53,/
54,H1
56,>
57,

58,

59,在
62,這
65,一章
71,，
74,我們
80,要將
86,React
91, 
92,Native
98,的
101,本地
107,開發
113,環境
119,設定
125,好
128,，
131,然後要
140,建立
146,一個
152,簡單
158,的
161,應用
167,程式
173,，
176,這個
182,應用
188,程式
194,可以
200,用
203,在
206,iOS
209,和
212,Android
219,裝置
225,上
228,。
231,

232,

233,<
234,H2
236,>
237,設定
243,開發
249,環境
255,<
256,/
257,H2
259,>
260,

261,

262,把
265,開發
271,環境
277,設定
283,好
286,以
289,後
292,，
295,你
298,就
301,可以
307,跑
310,本書
316,中
319,的
322,範例
328,以及
334,撰寫
340,你
343,自己
349,的
352,應用
358,程式
364,了
367,。
370,

371,

372,想
375,把
378,React
383, 
384, 
387,Native
393,的
396,環境
402,設定
408,好
411,，
414,有
417,兩個
423,方法
429,。
432,第一
438,個
441,是
444,使用
450,Create
456, 
457,React
462, 
463,Native
469, 
470,App
473,，
476,這個
482,方法
488,快
491,又
494,簡單
500,，
503,但
506,只
509,支援
515,純
518,JavaScript
528,應用
534,程式
540,。
543,第二
549,種
552,方法
558,比較
564,傳統
570,，
573,要安裝
582,完整
588,的
591,React
596, 
597,Native
603,以及
609,所有
615,需要
621,的
624,套件
630,。
633,你
636,可以
642,把
645,Create
651, 
652,React
657, 
658,Native
664, 
665,App
668,想成
674,是
677,用
680,來
683,測試
689,程式
695,雛形
701,的
704,一個
710,捷徑
716,。
719,

720,

721,附錄
727,C
728,中有
734,如何
740,從
743,Create
749, 
750,React
755, 
756,Native
762, 
763,App
766,昇
769,級
772,成
775,完整
781,的
784,React
789, 
790,Native
796,的
799,方法
805,。
808,

809,

810,<
811,註
814,>
815,

816,你
819,要
822,選擇
828,用
831,哪個
837,方法
843,呢
846,？
849,基
852,於
855,學習
861,以及
867,快速
873,開發
879,這兩個
888,理由
894,，
897,我建議
906,初心者
915,使用
921,Create
927, 
928,React
933, 
934,Native
940, 
941,App
944,。
947,

948,

949,以
952,後
955,，
958,如果
964,你
967,已
970,熟悉
976,使用
982,React
987, 
988,Native
994,寫
997,app
1000,，
1003,或是
1009,想
1012,寫
1015,一個
1021,JavaScript
1031,和
1034,原生
1040,Java
1044,、
1047,Objective
1056,-
1057,C
1058,或
1061,Swift
1066,程式
1072,的
1075,混血
1081,app
1084,，
1087,你
1090,屆
1093,時
1096,就
1099,會
1102,想要
1108,安裝
1114,完整版
1123,的
1126,React
1131, 
1132,Native
1138,開發者
1147,環境
1153,的
1156,。
1159,

1160,<
1161,/
1162,註
1165,>
1166,

1167,

1168,[
1169,page
1173,-
1174,14
1176,]
1177,

1178,

1179,<
1180,H2
1182,>
1183,開發
1189,環境
1195,：
1198,Create
1204, 
1205,React
1210, 
1211,Native
1217, 
1218,App
1221,<
1222,/
1223,H2
1225,>
1226,

1227,

1228,Create
1234, 
1235,React
1240, 
1241,Native
1247, 
1248,App
1251,（
1254,<
1255,I
1256,>
1257,https
1262,:
1263,/
1264,/
1265,github
1271,.
1272,com
1275,/
1276,react
1281,-
1282,community
1291,/
1292,create
1298,-
1299,react
1304,-
1305,native
1311,-
1312,app
1315,<
1316,/
1317,I
1318,>
1319,）
1322,是
1325,一個
1331,命令
1337,列
1340,工具
1346,，
1349,它
1352,讓
1355,你
1358,可以
1364,快速
1370,建立
1376,和
1379,執行
1385,React
1390, 
1391,Native
1397,應用
1403,程式
1409,，
1412,而
1415,不
1418,需要
1424,安裝
1430,Xcode
1435,或
1438,Android
1445, 
1446,Studio
1452,。
1455,

1456,

1457,如果
1463,你
1466,想
1469,快速
1475,的
1478,準備
1484,好
1487,執行
1493,環境
1499,，
1502,那麼
1508,使用
1514,Create
1520, 
1521,React
1526, 
1527,Native
1533, 
1534,App
1537,就是
1543,適當
1549,的
1552,選擇
1558,。
1561,

1562,

1563,<
1564,註
1567,>
1568,

1569,Create
1575, 
1576,React
1581, 
1582,Native
1588, 
1589,App
1592,是
1595,個
1598,很棒
1604,的
1607,工具
1613,，
1616,但
1619,如
1622,前面
1628,提過
1634,，
1637,它
1640,只
1643,支援
1649,純
1652,JavaScript
1662,應用
1668,程式
1674,，
1677,在
1680,本章
1686,後
1689,面一點
1698,的
1701,章節
1707,，
1710,我們
1716,會
1719,講到
1725,如何
1731,整合
1737,Java
1741,或
1744,Objective
1753,-
1754,C
1755,寫
1758,的
1761,原生
1767,程式
1773,碼
1776,。
1779,不用
1785,擔心
1791,：
1794,如果
1800,現在
1806,使用
1812,Create
1818, 
1819,React
1824, 
1825,Native
1831, 
1832,App
1835,，
1838,還是
1844,可以
1850,昇
1853,級
1856,（
1859,“
1862,eject
1867,”
1870,）
1873,成
1876,完整版
1885,React
1890, 
1891,Native
1897,專案
1903,的
1906,。
1909,

1910,<
1911,/
1912,註
1915,>
1916,

1917,讓
1920,我們
1926,從
1929,npm
1932,安裝
1938,create
1944,-
1945,react
1950,-
1951,native
1957,-
1958,app
1961,套件
1967,開始
1973,說
1976,起
1979,，
1982,React
1987, 
1988,Native
1994,使用
2000,npm
2003,，
2006,npm
2009,就是
2015,Node
2019,.
2020,js
2022,的
2025,套件
2031,管理器
2040,，
2043,用來
2049,管理
2055,node
2059,的
2062,套件
2068,相依
2074,性
2077,。
2080,該
2083,npm
2086,的
2089,注冊表
2098,包含
2104,了
2107,所有
2113,JavaScript
2123,的
2126,專案
2132,套件
2138,，
2141,不
2144,只是
2150,Node
2154,套件
2160,。
2163,

2164,

2165,<
2166,C
2167,>
2168,程式
2174,碼
2177,…
2180,略
2183,<
2184,/
2185,C
2186,>
2187,

2188,

2189,<
2190,H3
2192,>
2193,使用
2199,create
2205,-
2206,react
2211,-
2212,native
2218,-
2219,app
2222,建立
2228,你
2231,的
2234,第一
2240,個
2243,應用
2249,程式
2255,<
2256,/
2257,H3
2259,>
2260,

2261,

2262,為
2265,了
2268,要
2271,用
2274,Create
2280, 
2281,React
2286, 
2287,Native
2293, 
2294,App
2297,建立
2303,一個
2309,新
2312,的
2315,專案
2321,，
2324,你
2327,需要
2333,執行
2339,以下
2345,命令
2351,：
2354,

2355,

2356,<
2357,C
2358,>
2359,程式
2365,碼
2368,…
2371,略
2374,<
2375,/
2376,C
2377,>
2378,

2379,

2380,（
2383,譯
2386,註
2389,：
2392,請
2395,注意
2401,，
2404,在
2407,書本
2413,編輯
2419,時
2422,，
2425,當下
2431,新
2434,的
2437,npm
2440,是
2443,5
2444,.
2445,x
2446,版
2449,，
2452,但
2455,若
2458,使用
2464,npm
2467, 
2468,5
2469,.
2470,x
2471,版
2474, 
2475,在
2478,安裝
2484,create
2490,-
2491,react
2496,-
2497,native
2503,-
2504,app
2507,套件
2513,時會產生
2525,問題
2531,，
2534,譯者
2540,改用
2546,nvm
2549, 
2550,安裝
2556,v7.10
2561,.
2562,1
2563, 
2564,node
2568,，
2571,裡面
2577,附帶
2583,的
2586,npm
2589,是
2592,v4.2
2596,.
2597,0
2598,，
2601,安裝
2607,命令
2613,如下
2619,：
2622,

2623,

2624,*
2625,用
2628,homebrew
2636,安裝
2642,nvm
2645,

2646, 
2647,<
2648,C
2649,>
2650,brew
2654, 
2655,install
2662, 
2663,nvm
2666,<
2667,/
2668,C
2669,>
2670,

2671,*
2672,用
2675,nvm
2678,安裝
2684,node
2688, 
2689,v7.10
2694,.
2695,0
2696,

2697, 
2698,<
2699,C
2700,>
2701,nvm
2704, 
2705,install
2712, 
2713,v7.10
2718,.
2719,0
2720,<
2721,/
2722,C
2723,>
2724,

2725,*
2726,看到
2732,Now
2735, 
2736,using
2741, 
2742,node
2746, 
2747,v7.10
2752,.
2753,1
2754, 
2755,(
2756,npm
2759, 
2760,v4.2
2764,.
2765,0
2766,)
2767,表示
2773,npm
2776,安裝
2782,完成
2788,

2789,

2790,若
2793,npm
2796, 
2797,start
2802,時
2805,碰到
2811,錯誤
2817,訊息
2823,“
2826,npm
2829, 
2830,ERR
2833,!
2834, 
2835,code
2839, 
2840,ELIFECYCLE
2850,”
2853,請
2856,參考
2862,：
2865,

2866,https
2871,:
2872,/
2873,/
2874,github
2880,.
2881,com
2884,/
2885,react
2890,-
2891,community
2900,/
2901,create
2907,-
2908,react
2913,-
2914,native
2920,-
2921,app
2924,/
2925,issues
2931,/
2932,533
2935,

2936,

2937,）
2940,

2941,

2942,

2943,這個
2949,動作
2955,會安裝
2964,一些
2970,必要
2976,的
2979,JavaScript
2989,套件
2995,，
2998,而且
3004,會為
3010,你
3013,的
3016,應用
3022,程式
3028,建立
3034,基礎
3040,樣版
3046,，
3049,你
3052,的
3055,專
3058,案目
3064,錄看
3070,起來
3076,會
3079,像
3082,這樣
3088,：
3091,

3092,

3093,<
3094,C
3095,>
3096,程式
3102,碼
3105,…
3108,略
3111,<
3112,/
3113,C
3114,>
3115,

3116,

3117,這樣
3123,的
3126,樣版
3132,結構
3138,看
3141,起來
3147,很
3150,符合
3156,一個
3162,簡單
3168,的
3171,JavaScript
3181,專案
3187,，
3190,裡面
3196,有
3199,一
3202,叫
3205,<
3206,I
3207,>
3208,package
3215,.
3216,json
3220,<
3221,/
3222,I
3223,>
3224,的
3227,檔案
3233,，
3236,內含
3242,專案
3248,和
3251,它
3254,的
3257,相依
3263,套件
3269,的
3272,metadata
3280,，
3283,<
3284,I
3285,>
3286,README
3292,.
3293,md
3295,<
3296,/
3297,I
3298,>
3299,檔裡面
3308,有
3311,執行
3317,專案
3323,的
3326,資訊
3332,，
3335,而
3338,<
3339,I
3340,>
3341,App
3344,.
3345,test
3349,.
3350,js
3352,<
3353,/
3354,I
3355,>
3356,是
3359,簡單
3365,的
3368,測試
3374,檔案
3380,，
3383,你
3386,的
3389,程式
3395,碼
3398,放在
3404,<
3405,I
3406,>
3407,App
3410,.
3411,js
3413,<
3414,/
3415,I
3416,>
3417,中
3420,，
3423,要
3426,開始
3432,撰
3435,寫
3438,自己
3444,的
3447,應用
3453,程式
3459,，
3462,你
3465,應該
3471,從
3474,<
3475,I
3476,>
3477,App
3480,.
3481,js
3483,<
3484,/
3485,I
3486,>
3487,下手
3493,。
3496,

3497,

3498,[
3499,page
3503,-
3504,15
3506,]
3507,

3508,

3509,我們
3515,將在
3521,22
3523,頁
3526,的
3529,“
3532,建立
3538,一個
3544,天氣
3550,App
3553,”
3556,建立
3562,應用
3568,程式
3574,時
3577,，
3580,討論
3586,更
3589,多關
3595,於
3598,程式
3604,碼
3607,的
3610,細節
3616,。
3619,

3620,

3621,<
3622,H3
3624,>
3625,在
3628,iOS
3631,或
3634,Android
3641,上
3644,預覽
3650,你
3653,的
3656,App
3659,<
3660,/
3661,H3
3663,>
3664,

3665,

3666,太好了
3675,，
3678,現在
3684,你
3687,的
3690,應用
3696,程式
3702,已經
3708,可以
3714,跑
3717,看看
3723,了
3726,，
3729,用
3732,下面
3738,的
3741,命令
3747,執行
3753,你
3756,的
3759,應用
3765,程式
3771,：
3774,

3775,

3776,<
3777,C
3778,>
3779,程式
3785,碼
3788,…
3791,略
3794,<
3795,/
3796,C
3797,>
3798,

3799,

3800,你
3803,應該
3809,看到
3815,像
3818,圖
3821,3
3822,-
3823,1
3824,的
3827,畫面
3833,：
3836,

3837,

3838,<
3839,圖
3842,>
3843,<
3844,/
3845,圖
3848,>
3849, 
3850,

3851,<
3852,I
3853,>
3854,圖
3857,3
3858,-
3859,1
3860, 
3861,用
3864,QR
3866, 
3867,code
3871,預覽
3877,一個
3883,Create
3889, 
3890,React
3895, 
3896,Native
3902, 
3903,App
3906,<
3907,/
3908,I
3909,>
3910,

3911,

3912,[
3913,page
3917,-
3918,16
3920,]
3921,

3922,

3923,為
3926,了
3929,要
3932,看
3935,見
3938,你
3941,的
3944,應用
3950,程式
3956,，
3959,你
3962,還得
3968,在
3971,iOS
3974,或
3977,Android
3984,裝置
3990,上
3993,，
3996,下載
4002,一個
4008,叫
4011,Expo
4015,（
4018,https
4023,:
4024,/
4025,/
4026,expo
4030,.
4031,io
4033,/
4034,）
4037,的
4040,app
4043,。
4046,裝好
4052,了
4055,以
4058,後
4061,，
4064,將你裝置
4076,的
4079,照相
4085,機對
4091,準畫
4097,面上
4103,的
4106,二維碼
4115,，
4118,然
4121,後
4124,你
4127,的
4130,React
4135, 
4136,Native
4142, 
4143,App
4146,就
4149,會
4152,被
4155,載入
4161,了
4164,。
4167,注意
4173,你
4176,的
4179,裝置
4185,和
4188,電腦
4194,必須
4200,要
4203,在
4206,同一
4212,個
4215,網路
4221,中
4224,，
4227,否則
4233,的
4236,話
4239,就
4242,不能
4248,互相
4254,通訊
4260,了
4263,。
4266,

4267,

4268,恭禧
4274,！
4277,你
4280,已經
4286,建立
4292,了
4295,你
4298,的
4301,第一
4307,隻
4310,React
4315, 
4316,Native
4322, 
4323,app
4326,，
4329,建置
4335,完成
4341,並在
4347,一個
4353,實際
4359,的
4362,裝置
4368,上
4371,執行
4377,了
4380,。
4383,

4384,

4385,下一節
4394,中
4397,，
4400,我們
4406,將會
4412,說明
4418,如何
4424,準備
4430,傳統
4436,的
4439,完整
4445,React
4450, 
4451,Native
4457,開發
4463,環境
4469,，
4472,如果
4478,你
4481,想
4484,直接
4490,開始
4496,寫
4499,程式
4505,的
4508,話
4511,，
4514,也
4517,可以
4523,直接
4529,跳到
4535,19
4537,頁
4540,“
4543,查看
4549,範例
4555,程式
4561,”
4564,。
4567,

4568,

4569,<
4570,H2
4572,>
4573,開發
4579,環境
4585,：
4588,傳統
4594,方法
4600,<
4601,/
4602,H2
4604,>
4605,

4606,

4607,可以
4613,在
4616,React
4621, 
4622,Native
4628,官方
4634,文件
4640,（
4643,http
4647,:
4648,/
4649,/
4650,facebook
4658,.
4659,github
4665,.
4666,io
4668,/
4669,react
4674,-
4675,native
4681,/
4682,）
4685,中
4688,，
4691,找到
4697,如何
4703,安裝
4709,React
4714, 
4715,Native
4721,以及
4727,相關
4733,套件
4739,的
4742,指引
4748,。
4751,

4752,

4753,你
4756,可以
4762,在
4765,Windows
4772,、
4775,macOS
4780,或
4783,Linux
4788,上用
4794,React
4799, 
4800,Native
4806,開發
4812,應用
4818,程式
4824,，
4827,不過
4833,如果
4839,是
4842,要
4845,開發
4851,iOS
4854,應用
4860,程式
4866,的
4869,話
4872,，
4875,就
4878,必須
4884,在
4887,macOS
4892,上
4895,進行
4901,開發
4907,。
4910,Linux
4915,及
4918,Windows
4925,使用者
4934,仍
4937,可以
4943,使用
4949,React
4954, 
4955,Native
4961,寫
4964,Android
4971,應用
4977,程式
4983,。
4986,

4987,

4988,由
4991,於
4994,開發
5000,環境
5006,的
5009,設立
5015,指引
5021,會因
5027,React
5032, 
5033,Native
5039,的
5042,版本
5048,以及
5054,安裝
5060,作業
5066,系統
5072,不同
5078,而
5081,有所
5087,差異
5093,，
5096,所以
5102,我們
5108,在
5111,這裡
5117,不會
5123,一一
5129,說明
5135,，
5138,但
5141,基本上
5150,你
5153,需要
5159,設置
5165,以下
5171,的
5174,項目
5180,：
5183,

5184,

5185,*
5186,node
5190,.
5191,js
5193,

5194,*
5195,React
5200, 
5201,Native
5207, 
5208,

5209,*
5210,iOS
5213,開發
5219,環境
5225,（
5228,Xcode
5233,）
5236,

5237,*
5238,Android
5245,開發
5251,環境
5257,（
5260,JDK
5263,、
5266,Android
5273, 
5274,SDK
5277,以及
5283,Android
5290, 
5291,Studio
5297,）
5300,

5301,

5302,如果
5308,你
5311,不
5314,想要
5320,同時
5326,安裝
5332,iOS
5335,和
5338,Android
5345,的
5348,兩個
5354,開發
5360,環境
5366,也
5369,沒關
5375,係
5378,，
5381,只要
5387,確認
5393,至少
5399,安裝
5405,好
5408,一種
5414,即可
5420,。
5423,

5424,

5425,<
5426,H3
5428,>
5429,用
5432,react
5437,-
5438,native
5444,建立
5450,第一
5456,個
5459,應用
5465,程式
5471,<
5472,/
5473,H3
5475,>
5476,

5477,

5478,你
5481,可以
5487,使用
5493,React
5498, 
5499,Native
5505,的
5508,命令
5514,列
5517,工具
5523,來
5526,建立
5532,一個
5538,新
5541,的
5544,應用
5550,程式
5556,，
5559,請
5562,在
5565,命令
5571,列
5574,執行
5580,以下
5586,的
5589,工具
5595,：
5598,

5599,

5600,<
5601,C
5602,>
5603,程式
5609,碼
5612,…
5615,略
5618,<
5619,/
5620,C
5621,>
5622,

5623,現在
5629,我們
5635,可以
5641,從頭
5647,開始
5653,生成
5659,含
5662,React
5667, 
5668,Native
5674,、
5677,iOS
5680,以及
5686,Android
5693,的
5696,樣版
5702,，
5705,請
5708,執行
5714,：
5717,

5718,

5719,<
5720,C
5721,>
5722,程式
5728,碼
5731,…
5734,略
5737,<
5738,/
5739,C
5740,>
5741,

5742,

5743,[
5744,page
5748,-
5749,17
5751,]
5752,

5753,

5754,產
5757,生出
5763,來
5766,的
5769,目錄
5775,結構
5781,應該
5787,長
5790,的
5793,像
5796,這樣
5802,：
5805,

5806,

5807,<
5808,C
5809,>
5810,程式
5816,碼
5819,…
5822,略
5825,<
5826,/
5827,C
5828,>
5829,

5830,

5831,<
5832,I
5833,>
5834,ios
5837,/
5838,<
5839,/
5840,I
5841,>
5842,和
5845,<
5846,I
5847,>
5848,android
5855,/
5856,<
5857,/
5858,I
5859,>
5860,目錄
5866,下
5869,就是
5875,對
5878,應該
5884,平台
5890,的
5893,樣版
5899,程式
5905,，
5908,你
5911,的
5914,React
5919,程式
5925,碼會
5931,被
5934,存放
5940,在
5943,<
5944,I
5945,>
5946,index
5951,.
5952,ios
5955,.
5956,js
5958,<
5959,/
5960,I
5961,>
5962,和
5965,<
5966,I
5967,>
5968,index
5973,.
5974,android
5981,.
5982,js
5984,<
5985,/
5986,I
5987,>
5988,（
5991,譯著
5997,：
6000,原著
6006,檔案
6012,寫
6015,錯
6018,）
6021,檔案
6027,中
6030,，
6033,這兩個
6042,檔案
6048,就是
6054,兩個
6060,平台
6066,對應
6072,的
6075,程式
6081,碼
6084,起始
6090,點
6093,，
6096,而會
6102,被
6105,npm
6108,安裝
6114,的
6117,相關
6123,套件
6129,，
6132,一如
6138,習慣
6144,放在
6150,<
6151,I
6152,>
6153,node
6157,_
6158,modules
6165,/
6166,<
6167,/
6168,I
6169,>
6170,目錄
6176,中
6179,。
6182,

6183,

6184,<
6185,H3
6187,>
6188,在
6191,iOS
6194,上
6197,執行
6203,你
6206,的
6209,App
6212,<
6213,/
6214,H3
6216,>
6217,

6218,

6219,想
6222,在
6225,iOS
6228,上
6231,執行
6237,你
6240,的
6243,app
6246,的
6249,話
6252,，
6255,要
6258,先
6261,進到
6267,剛才
6273,建好
6279,的
6282,專
6285,案目
6291,錄中
6297,，
6300,然後用
6309,以下
6315,命令
6321,執行
6327,React
6332, 
6333,Native
6339,應用
6345,程式
6351,：
6354,

6355,

6356,<
6357,C
6358,>
6359,程式
6365,碼
6368,…
6371,略
6374,<
6375,/
6376,C
6377,>
6378,

6379,

6380,（
6383,譯著
6389,：
6392,如果
6398,碰到
6404,錯誤
6410,訊息
6416,

6417,

6418,xcrun
6423,:
6424, 
6425,error
6430,:
6431, 
6432,unable
6438, 
6439,to
6441, 
6442,find
6446, 
6447,utility
6454, 
6455,"
6456,instruments
6467,"
6468,,
6469, 
6470,not
6473, 
6474,a
6475, 
6476,developer
6485, 
6486,tool
6490, 
6491,or
6493, 
6494,in
6496, 
6497,PATH
6501,

6502,

6503,，
6506,請
6509,參考
6515,https
6520,:
6521,/
6522,/
6523,stackoverflow
6536,.
6537,com
6540,/
6541,questions
6550,/
6551,39778607
6559,/
6560,error
6565,-
6566,running
6573,-
6574,react
6579,-
6580,native
6586,-
6587,app
6590,-
6591,from
6595,-
6596,terminal
6604,-
6605,ios
6608,）
6611,

6612,

6613,或是
6619,，
6622,你
6625,也
6628,可以
6634,在
6637,Xcode
6642,中
6645,打開
6651,你
6654,的
6657,應用
6663,程式
6669,專案
6675,，
6678,並從
6684,iOS
6687,模擬器
6696,中
6699,執行
6705,：
6708,

6709,

6710,<
6711,C
6712,>
6713,程式
6719,碼
6722,…
6725,略
6728,<
6729,/
6730,C
6731,>
6732,

6733,

6734,你
6737,也
6740,可以
6746,使用
6752,Xcode
6757,把
6760,應用
6766,程式
6772,上
6775,傳到
6781,真實
6787,裝置
6793,上面
6799,進行
6805,測試
6811,，
6814,記得
6820,要
6823,準備
6829,好
6832,Apple
6837, 
6838,ID
6840,，
6843,這樣
6849,才
6852,行
6855,完成
6861,程式
6867,碼
6870,簽章
6876,。
6879,

6880,

6881,要進
6887,行程
6893,式
6896,碼
6899,簽章
6905,的
6908,話
6911,，
6914,請
6917,打開
6923,Xcode
6928,中
6931,Project
6938, 
6939,Navigator
6948,，
6951,並選擇
6960,你
6963,的
6966,主要
6972,目標
6978,，
6981,主要
6987,目標
6993,應該
6999,和
7002,你
7005,的
7008,專案
7014,同名
7020,稱
7023,。
7026,接著
7032,，
7035,選擇
7041,General
7048,分頁
7054,，
7057,在
7060,Signing
7067,選單
7073,中
7076,的
7079,Team
7083,下拉選單
7095,（
7098,如圖
7104,3
7105,-
7106,2
7107,）
7110,，
7113,選擇
7119,你
7122,的
7125,Apple
7130,開發者
7139,帳號
7145,，
7148,如果
7154,是
7157,設定
7163,Tests
7168,目標
7174,，
7177,就將
7183,前面
7189,的
7192,流程
7198,再
7201,做
7204,一次
7210,即可
7216,。
7219,

7220,

7221,[
7222,page
7226,-
7227,18
7229,]
7230,

7231,

7232,<
7233,圖
7236,>
7237,<
7238,/
7239,圖
7242,>
7243, 
7244,

7245,<
7246,I
7247,>
7248,圖
7251,3
7252,-
7253,2
7254, 
7255,設定
7261,Xcode
7266,中
7269,的
7272,Team
7276,，
7279,讓
7282,你
7285,可以
7291,在
7294,實際
7300,裝置
7306,上
7309,測試
7315,應用
7321,程式
7327,<
7328,/
7329,I
7330,>
7331,

7332,

7333,如果
7339,你
7342,是
7345,首次
7351,在
7354,特定
7360,裝置
7366,上
7369,執行
7375,你
7378,的
7381,應用
7387,程式
7393,，
7396,Xcode
7401,會
7404,提示
7410,請
7413,你
7416,登入
7422,你
7425,的
7428,Apple
7433,帳戶
7439,，
7442,並將
7448,你
7451,的裝
7457,置
7460,註
7463,冊
7466,為
7469,開
7472,發
7475,使用
7481,。
7484,

7485,

7486,更多關
7495,於
7498,如何
7504,在
7507,真實
7513,iOS
7516,裝置
7522,上
7525,執行
7531,你
7534,應用
7540,程式
7546,的
7549,細節
7555,，
7558,可以
7564,參考
7570,Apple
7575,的
7578,官方
7584,文件
7590,（
7593,<
7594,I
7595,>
7596,http
7600,:
7601,/
7602,/
7603,apple
7608,.
7609,co
7611,/
7612,2gcjVhy
7619,<
7620,/
7621,I
7622,>
7623,）
7626,。
7629,

7630,

7631,請
7634,特別
7640,注意
7646,你
7649,的
7652,iOS
7655,裝置
7661,和
7664,你
7667,的
7670,電腦
7676,必須
7682,在
7685,同一
7691,個
7694,網域
7700,中
7703,才能
7709,執行
7715,應用
7721,程式
7727,。
7730,

7731,

7732,<
7733,H3
7735,>
7736,在
7739,Android
7746,上
7749,執行
7755,你
7758,的
7761,App
7764,<
7765,/
7766,H3
7768,>
7769,

7770,

7771,為
7774,了
7777,要
7780,在
7783,Android
7790,上
7793,執行
7799,你
7802,的
7805,應用
7811,程式
7817,，
7820,必須
7826,要
7829,有
7832,一個
7838,完整
7844,功能
7850,的
7853,Android
7860,開發
7866,環境
7872,，
7875,包含
7881,Android
7888, 
7889,Studio
7895,以及
7901,Android
7908, 
7909,SDK
7912,，
7915,可看
7921,Getting
7928, 
7929,Started
7936,文件
7942,（
7945,<
7946,I
7947,>
7948,https
7953,:
7954,/
7955,/
7956,facebook
7964,.
7965,github
7971,.
7972,io
7974,/
7975,react
7980,-
7981,native
7987,/
7988,docs
7992,/
7993,getting
8000,-
8001,started
8008,.
8009,html
8013,<
8014,/
8015,I
8016,>
8017,）
8020,取得
8026,所有
8032,必要
8038,的
8041,套件
8047,清單
8053,。
8056,

8057,

8058,想
8061,在
8064,Android
8071,上
8074,跑
8077,你
8080,的
8083,React
8088, 
8089,Native
8095,應用
8101,程式
8107,，
8110,請
8113,執行
8119,：
8122,（
8125,譯著
8131,：
8134,建立
8140,Android
8147,環境
8153,的
8156,過程
8162,中會
8168,碰到
8174,一些
8180,問題
8186,，
8189,比方
8195,android
8202, 
8203,SDK
8206,版本
8212,、
8215,license
8222, 
8223,agreement
8232,以及
8238,模擬器
8247,要
8250,先
8253,跑
8256,起來
8262,等等
8268,，
8271,需要
8277,一點
8283,耐性
8289,解決
8295,。
8298,）
8301,

8302,

8303,<
8304,C
8305,>
8306,程式
8312,碼
8315,…
8318,略
8321,<
8322,/
8323,C
8324,>
8325,

8326,

8327,你
8330,也
8333,可以
8339,選擇
8345,在
8348,Android
8355, 
8356,Studio
8362,中
8365,打開
8371,專案
8377,，
8380,然
8383,後
8386,建置
8392,並執行
8401,。
8404,

8405,

8406,在
8409,Android
8416,模擬器
8425,或
8428,透過
8434,USB
8437,連接
8443,的
8446,實際
8452,裝置
8458,上
8461,，
8464,都
8467,可以
8473,執行
8479,你
8482,的
8485,應用
8491,程式
8497,。
8500,如果
8506,是
8509,在
8512,實際
8518,裝置
8524,上
8527,執行
8533,的
8536,話
8539,，
8542,你將
8548,需要
8554,在
8557,裝置
8563,上
8566,的
8569,開
8572,發者
8578,選項
8584,中
8587,打開
8593,USB
8596,除錯
8602,選項
8608,，
8611,更多
8617,細節
8623,請
8626,參考
8632,Android
8639, 
8640,Studio
8646,文件
8652,（
8655,<
8656,I
8657,>
8658,https
8663,:
8664,/
8665,/
8666,developer
8675,.
8676,android
8683,.
8684,com
8687,/
8688,studio
8694,/
8695, 
8696,debug
8701,/
8702,dev
8705,-
8706,options
8713,.
8714,html
8718,<
8719,/
8720,I
8721,>
8722,）
8725,。
8728,

8729,

8730,[
8731,page
8735,-
8736,19
8738,]
8739,

8740,

8741,<
8742,H2
8744,>
8745,查看
8751,範例
8757,程式
8763,<
8764,/
8765,H2
8767,>
8768,

8769,

8770,剛才
8776,你
8779,已
8782,在
8785,裝置
8791,上
8794,成功
8800,執行
8806,了
8809,預設
8815,的
8818,應用
8824,程式
8830,，
8833,現在
8839,讓
8842,我們
8848,看
8851,一下
8857,它
8860,是
8863,如何
8869,工作
8875,的
8878,。
8881,在
8884,這一節
8893,中
8896,，
8899,我們
8905,會
8908,進入
8914,預設
8920,應用
8926,程式
8932,原始
8938,碼中
8944,，
8947,並
8950,探索
8956,React
8961, 
8962,Native
8968,專案
8974,中
8977,的
8980,組成
8986,架構
8992,。
8995,

8996,

8997,如果
9003,你
9006,使用
9012,Create
9018, 
9019,React
9024, 
9025,Native
9031, 
9032,App
9035,，
9038,請
9041,打開
9047,<
9048,I
9049,>
9050,App
9053,.
9054,js
9056,<
9057,/
9058,I
9059,>
9060,（
9063,如
9066, 
9067,範例
9073,3
9074,-
9075,1
9076,）
9079,。
9082,如果
9088,你
9091,使用
9097,的
9100,是
9103,完整
9109,React
9114, 
9115,Native
9121,專案
9127,，
9130,請
9133,打開
9139,<
9140,I
9141,>
9142,index
9147,.
9148,ios
9151,.
9152,js
9154,<
9155,/
9156,I
9157,>
9158,或
9161,<
9162,I
9163,>
9164,index
9169,.
9170,android
9177,.
9178,js
9180,<
9181,/
9182,I
9183,>
9184,（
9187,如
9190, 
9191,範例
9197,3
9198,-
9199,2
9200,）
9203,。
9206,

9207,

9208,<
9209,I
9210,>
9211,範例
9217,3
9218,-
9219,1
9220, 
9221,Create
9227, 
9228,React
9233, 
9234,Native
9240, 
9241,App
9244,專案裡
9253,，
9256,App
9259,.
9260,js
9262,中
9265,的
9268,啟動
9274,程式
9280,碼
9283,<
9284,/
9285,I
9286,>
9287,

9288,

9289,<
9290,C
9291,>
9292,程式
9298,碼
9301,…
9304,略
9307,<
9308,/
9309,C
9310,>
9311,

9312,

9313,<
9314,I
9315,>
9316,範例
9322,3
9323,-
9324,2
9325, 
9326,完整
9332,React
9337, 
9338,Native
9344,專案裡
9353,，
9356,index
9361,.
9362,ios
9365,.
9366,js
9368,和
9371,index
9376,.
9377,android
9384,.
9385,js
9387,中
9390,的
9393,啟動
9399,程式
9405,碼
9408,<
9409,/
9410,I
9411,>
9412,

9413,

9414,<
9415,C
9416,>
9417,程式
9423,碼
9426,…
9429,略
9432,<
9433,/
9434,C
9435,>
9436,

9437,

9438,[
9439,page
9443,-
9444,20
9446,]
9447,

9448,

9449,不管
9455,你
9458,看
9461,的
9464,是
9467,哪
9470,一種
9476,，
9479,我們
9485,都
9488,來
9491,說明
9497,一下
9503,裡面
9509,做
9512,了
9515,什麼
9521,。
9524,

9525,如
9528,你
9531,在
9534,範例
9540,3
9541,-
9542,3
9543,中所見
9552,，
9555,<
9556,C
9557,>
9558,import
9564,<
9565,/
9566,C
9567,>
9568,述句
9574,的
9577,用法
9583,，
9586,和
9589,你
9592,原來
9598,認知
9604,網頁
9610,用
9613,React
9618,專案
9624,時
9627,有些
9633,不同
9639,。
9642,

9643,

9644,<
9645,I
9646,>
9647,範例
9653,3
9654,-
9655,3
9656, 
9657,React
9662, 
9663,Native
9669,中
9672,引入
9678,UI
9680,元素
9686,<
9687,/
9688,I
9689,>
9690,

9691,

9692,<
9693,C
9694,>
9695,程式
9701,碼
9704,…
9707,略
9710,<
9711,/
9712,C
9713,>
9714,

9715,

9716,[
9717,page
9721,-
9722,21
9724,]
9725,

9726,

9727,程式
9733,碼一
9739,開始
9745,是
9748,如
9751,往常
9757,般
9760,引入
9766,React
9771,，
9774,但
9777,它
9780,的
9783,下
9786,一句
9792,是
9795,做
9798,什麼
9804,的
9807,呢
9810,？
9813,

9814,

9815,使用
9821,React
9826, 
9827,Native
9833,時
9836,，
9839,必須
9845,明確
9851,指定
9857,引入
9863,想用
9869,的
9872,每
9875,一個
9881,原生
9887,模組
9893,。
9896,像
9899,<
9900,C
9901,>
9902,<
9903,div
9906,>
9907,<
9908,/
9909,C
9910,>
9911,這樣
9917,的
9920,元素
9926,不會
9932,單純
9938,存在
9944,，
9947,而是
9953,要
9956,指定
9962,引入
9968,如
9971,<
9972,C
9973,>
9974,<
9975,View
9979,>
9980,<
9981,/
9982,C
9983,>
9984,及
9987,<
9988,C
9989,>
9990,<
9991,Text
9995,>
9996,<
9997,/
9998,C
9999,>
10000,這樣
10006,的
10009,元件
10015,。
10018,另外
10024,像
10027,函式
10033,庫
10036,函式
10042,<
10043,C
10044,>
10045,Stylesheet
10055,<
10056,/
10057,C
10058,>
10059,及
10062,<
10063,C
10064,>
10065,AppRegistry
10076,<
10077,/
10078,C
10079,>
10080,，
10083,也
10086,一樣
10092,要
10095,被
10098,明確
10104,指定
10110,引入
10116,，
10119,之
10122,後
10125,我們
10131,開始
10137,建立
10143,自己
10149,的
10152,應用
10158,程式
10164,時
10167,，
10170,會
10173,引入
10179,更
10182,多
10185,需要
10191,用到
10197,的
10200,React
10205, 
10206,Native
10212,功能
10218,。
10221,

10222,

10223,如果
10229,對
10232,這種
10238,語法
10244,感到
10250,莫生
10256,，
10259,可以
10265,看
10268,附錄
10274,A
10275,中
10278,的
10281,範例
10287,A
10288,-
10289,4
10290,，
10293,該範例
10302,將說明
10311,ES6
10314,中
10317,的
10320,解構
10326,。
10329,

10330,

10331,接著
10337,，
10340,讓
10343,我們
10349,看範例
10358,3
10359,-
10360,4
10361,中
10364,的
10367,元件
10373,，
10376,因為
10382,是
10385,原來
10391,的
10394,React
10399,元件
10405,，
10408,這邊
10414,看
10417,起來
10423,應該
10429,就
10432,不會
10438,莫生
10444,了
10447,。
10450,主要
10456,的
10459,差異
10465,只有
10471,它
10474,使用
10480,了
10483,<
10484,C
10485,>
10486,<
10487,Text
10491,>
10492,<
10493,/
10494,C
10495,>
10496,和
10499,<
10500,C
10501,>
10502,<
10503,View
10507,>
10508,<
10509,/
10510,C
10511,>
10512,元件
10518,取代
10524,了
10527,<
10528,C
10529,>
10530,<
10531,div
10534,>
10535,<
10536,/
10537,C
10538,>
10539,和
10542,<
10543,C
10544,>
10545,<
10546,span
10550,>
10551,<
10552,/
10553,C
10554,>
10555,，
10558,以及
10564,設定
10570,樣式
10576,物件
10582,的
10585,方法
10591,。
10594,

10595,

10596,<
10597,I
10598,>
10599,範例
10605,3
10606,-
10607,4
10608, 
10609,FirstProject
10621,元件
10627,及樣
10633,式
10636,設定
10642,<
10643,/
10644,I
10645,>
10646,

10647,

10648,<
10649,C
10650,>
10651,程式
10657,碼
10660,…
10663,略
10666,<
10667,/
10668,C
10669,>
10670,

10671,

10672,[
10673,page
10677,-
10678,22
10680,]
10681,

10682,

10683,如
10686,前面
10692,過
10695,，
10698,React
10703, 
10704,Native
10710,中
10713,的
10716,所有
10722,樣式
10728,設定
10734,，
10737,都
10740,是
10743,由樣
10749,式
10752,物件
10758,而
10761,不是
10767,由樣
10773,式
10776,表
10779,（
10782,stylesheet
10792,）
10795,決定
10801,，
10804,處理樣
10813,式
10816,的
10819,標準
10825,方法
10831,是
10834,使用
10840,StyleSheet
10850,函式
10856,庫
10859,，
10862,你
10865,可以
10871,看到
10877,樣式
10883,物件
10889,在
10892,檔案
10898,尾端
10904,被
10907,定義
10913,。
10916,注意
10922,只有
10928,<
10929,Text
10933,>
10934,元件
10940,可以
10946,接受
10952,像是
10958,fontSize
10966,這樣
10972,的
10975,文字
10981,樣式
10987,，
10990,所有
10996,的
10999,樣式
11005,邏輯
11011,都
11014,由
11017,flexbox
11024,負責
11030,。
11033,我們
11039,將在
11045,第五章
11054,使用
11060,flexbox
11067,建立
11073,畫面
11079,布局
11085,時討論
11094,更
11097,多
11100,。
11103,

11104,

11105,範例
11111,程式
11117,很
11120,適切
11126,的
11129,展現
11135,了
11138,你
11141,在
11144,建立
11150,React
11155, 
11156,Native
11162,時
11165,，
11168,所
11171,需要
11177,的
11180,基本功能
11192,。
11195,它
11198,內
11201,含
11204,了
11207,React
11212,元件
11218,的
11221,render
11227,動作
11233,，
11236,也
11239,呈現
11245,了
11248,基本
11254,的
11257,樣式
11263,設定
11269,與
11272,React
11277, 
11278,Native
11284,的
11287,render
11293,。
11296,我們
11302,也
11305,有
11308,一個
11314,簡單
11320,的
11323,方法
11329,來
11332,測試
11338,開發
11344,環境
11350,並能
11356,試圖
11362,在
11365,實際
11371,裝置
11377,上
11380,運作
11386,。
11389,不過
11395,，
11398,這樣
11404,的
11407,範例
11413,還是
11419,太
11422,基本
11428,，
11431,沒有
11437,任何
11443,的
11446,使用者
11455,互動
11461,，
11464,所以
11470,現在
11476,讓
11479,我們
11485,來
11488,建立
11494,一個
11500,具
11503,更
11506,多功能
11515,的
11518,應用
11524,程式
11530,吧
11533,。
11536,

11537,

11538,<
11539,H2
11541,>
11542,建立
11548,一個
11554,天氣
11560,App
11563,<
11564,/
11565,H2
11567,>
11568,

11569,

11570,在
11573,這個
11579,小節
11585,中
11588,，
11591,我們
11597,會用
11603,範例
11609,程式
11615,製
11618,作
11621,一
11624,個
11627,天
11630,氣
11633,app
11636,，
11639,過程
11645,中會
11651,看到
11657,如何
11663,使
11666,將樣
11672,式
11675,表
11678,（
11681,stylesheet
11691,）
11694,、
11697,flexbox
11704,、
11707,網
11710,路通
11716,訊
11719,、
11722,使用者
11731,輸入
11737,以及
11743,照片
11749,放進
11755,一個
11761,實用
11767,的
11770,app
11773,中
11776,，
11779,然後將
11788,這個
11794,天氣
11800,app
11803,在
11806,Android
11813,或
11816,iOS
11819,上
11822,執行
11828,。
11831,

11832,

11833,這個
11839,小節
11845,不會
11851,把
11854,細節
11860,說
11863,的
11866,太
11869,清楚
11875,，
11878,因為
11884,目的
11890,是
11893,要給
11899,你
11902,一個
11908,整體
11914,的
11917,概觀
11923,，
11926,天氣
11932,app
11935,會
11938,在
11941,未來
11947,的
11950,章節
11956,內容
11962,中
11965,一直
11971,被
11974,當作
11980,功能
11986,說明
11992,的
11995,參考
12001,範例
12007,，
12010,所以
12016,如果
12022,覺得現
12031,在
12034,講太快
12043,的
12046,話
12049,，
12052,也
12055,不用
12061,太
12064,擔心
12070,！
12073,

12074,如圖
12080,3
12081,-
12082,3
12083,中
12086,，
12089,最後的
12098,應用
12104,程式
12110,會有
12116,一個
12122,文字
12128,欄位
12134,，
12137,用來
12143,接收
12149,使用者
12158,輸入
12164,的
12167,郵遞
12173,區號
12179,，
12182,程式
12188,透過
12194,輸入
12200,郵遞
12206,區號
12212,到
12215,OpenWeatherMap
12229, 
12230,API
12233,，
12236,以
12239,取得
12245,目前
12251,天氣
12257,資訊並
12266,顯示
12272,出來
12278,。
12281,

12282,

12283,

12284,[
12285,page
12289,-
12290,23
12292,]
12293,

12294,

12295,<
12296,圖
12299,>
12300,<
12301,/
12302,圖
12305,>
12306, 
12307,

12308,<
12309,I
12310,>
12311,圖
12314,3
12315,-
12316,3
12317, 
12318,完成
12324,的
12327,天氣
12333,app
12336,<
12337,/
12338,I
12339,>
12340,

12341,

12342,我們
12348,要
12351,做
12354,的
12357,第一件
12366,事情
12372,是將
12378,我們
12384,的
12387,範例
12393,app
12396,中
12399,的
12402,預設
12408,元件
12414,換
12417,位置
12423,，
12426,將它
12432,改為
12438,指到
12444,我們
12450,自己
12456,<
12457,C
12458,>
12459,WeatherProject
12473,.
12474,js
12476,<
12477,/
12478,C
12479,>
12480,中
12483,。
12486,

12487,

12488,如果
12494,你
12497,用
12500,的
12503,是
12506,完整
12512,React
12517, 
12518,Native
12524,專案
12530,，
12533,你將
12539,需要
12545,把
12548,<
12549,C
12550,>
12551,index
12556,.
12557,ios
12560,.
12561,js
12563,<
12564,/
12565,C
12566,>
12567,和
12570,<
12571,C
12572,>
12573,index
12578,.
12579,android
12586,.
12587,js
12589,<
12590,/
12591,C
12592,>
12593,內容
12599,中
12602,的
12605,指定
12611,位置
12617,換掉
12623,，
12626,如範例
12635,3
12636,-
12637,5
12638,）
12641,

12642,

12643,<
12644,I
12645,>
12646,範例
12652,3
12653,-
12654,5
12655, 
12656,簡化過
12665,的
12668,index
12673,.
12674,ios
12677,.
12678,js
12680,和
12683,index
12688,.
12689,android
12696,.
12697,js
12699,內容
12705,（
12708,兩個
12714,檔案
12720,內容
12726,應該
12732,是
12735,一樣
12741,的
12744,）
12747,<
12748,/
12749,I
12750,>
12751,

12752,

12753,<
12754,C
12755,>
12756,程式
12762,碼
12765,…
12768,略
12771,<
12772,/
12773,C
12774,>
12775,

12776,

12777,一樣
12783,的
12786,，
12789,如果
12795,你
12798,用
12801,的
12804,是
12807,Create
12813, 
12814,React
12819, 
12820,Native
12826, 
12827,App
12830,的
12833,React
12838, 
12839,Native
12845,專案
12851,的
12854,話
12857,，
12860,你
12863,要
12866,改
12869,的
12872,東西會
12881,是
12884,<
12885,I
12886,>
12887,App
12890,.
12891,js
12893,<
12894,/
12895,I
12896,>
12897,的
12900,內容
12906,，
12909,如範例
12918,3
12919,-
12920,6
12921,。
12924,

12925,

12926,<
12927,I
12928,>
12929,範例
12935,3
12936,-
12937,5
12938, 
12939,Create
12945, 
12946,React
12951, 
12952,Native
12958, 
12959,App
12962,所
12965,使用
12971,App
12974,.
12975,js
12977,內容
12983,（
12986,簡化過
12995,）
12998,<
12999,/
13000,I
13001,>
13002,

13003,

13004,<
13005,C
13006,>
13007,程式
13013,碼
13016,…
13019,略
13022,<
13023,/
13024,C
13025,>
13026,

13027,

13028,[
13029,page
13033,-
13034,24
13036,]
13037,

13038,

13039,<
13040,H3
13042,>
13043,處理
13049,使用者
13058,輸入
13064,<
13065,/
13066,H3
13068,>
13069,

13070,

13071,我們
13077,想
13080,讓
13083,使用者
13092,可以
13098,輸入
13104,郵遞
13110,區號
13116,，
13119,並
13122,得到
13128,該
13131,地區
13137,的
13140,天氣
13146,資料
13152,，
13155,所以
13161,我們
13167,需要
13173,做
13176,一個
13182,可輸入
13191,的
13194,文字
13200,欄位
13206,，
13209,從
13212,把
13215,郵遞
13221,區號
13227,資訊加
13236,到
13239,我們
13245,元件
13251,的
13254,初始
13260,設定
13266,中
13269,（
13272,如範例
13281,3
13282,-
13283,7
13284,）
13287,：
13290,

13291,

13292,<
13293,I
13294,>
13295,範例
13301,3
13302,-
13303,7
13304, 
13305,Create
13311, 
13312,React
13317, 
13318,Native
13324, 
13325,App
13328,所
13331,使用
13337,App
13340,.
13341,js
13343,內容
13349,（
13352,簡化過
13361,）
13364,<
13365,/
13366,I
13367,>
13368,

13369,

13370,<
13371,C
13372,>
13373,程式
13379,碼
13382,…
13385,略
13388,<
13389,/
13390,C
13391,>
13392,

13393,

13394,如果
13400,你
13403,已
13406,習慣
13412,使用
13418,<
13419,C
13420,>
13421,React
13426,.
13427,createClass
13438,(
13439,)
13440,<
13441,/
13442,C
13443,>
13444,來
13447,建立
13453,元件
13459,，
13462,而
13465,不是
13471,使用
13477,JavaScript
13487,的
13490,類別
13496,，
13499,這邊
13505,就
13508,會
13511,有點
13517,怪
13520,了
13523,。
13526,當
13529,建立
13535,元件
13541,類別
13547,時
13550,，
13553,會
13556,在
13559,<
13560,C
13561,>
13562,constructor
13573,<
13574,/
13575,C
13576,>
13577,方法
13583,中
13586,用
13589,<
13590,C
13591,>
13592,this
13596,.
13597,state
13602,<
13603,/
13604,C
13605,>
13606,變數來
13615,設定
13621,React
13626,元件
13632,的
13635,初始
13641,的
13644,<
13645,C
13646,>
13647,state
13652,<
13653,/
13654,C
13655,>
13656,值
13659,，
13662,如果
13668,你
13671,需要
13677,復
13680,習
13683,一下
13689,React
13694,元件
13700,的
13703,生命
13709,週期
13715,的
13718,話
13721,，
13724,請
13727,看
13730,React
13735,的
13738,文件
13744,（
13747,<
13748,I
13749,>
13750,https
13755,:
13756,/
13757,/
13758,facebook
13766,.
13767,github
13773,.
13774,io
13776,/
13777,react
13782,/
13783,docs
13787,/
13788,react
13793,-
13794,component
13803,.
13804,html
13808,<
13809,/
13810,I
13811,>
13812,）
13815,。
13818,

13819,

13820,接著
13826,，
13829,我們
13835,要
13838,弄
13841,一個
13847,<
13848,C
13849,>
13850,<
13851,Text
13855,>
13856,<
13857,/
13858,C
13859,>
13860,元件
13866,來
13869,顯示
13875,<
13876,C
13877,>
13878,this
13882,.
13883,state
13888,.
13889,zip
13892,<
13893,/
13894,C
13895,>
13896,的
13899,值
13902,，
13905,如範例
13914,3
13915,-
13916,8
13917,：
13920,

13921,

13922,<
13923,I
13924,>
13925,範例
13931,3
13932,-
13933,8
13934, 
13935,加入
13941,一個
13947,<
13948,Text
13952,>
13953,元件
13959,來
13962,顯示
13968,目前
13974,的
13977,郵遞
13983,區號
13989,<
13990,/
13991,I
13992,>
13993,

13994,

13995,<
13996,C
13997,>
13998,程式
14004,碼
14007,…
14010,略
14013,<
14014,/
14015,C
14016,>
14017,

14018,

14019,加好
14025,了
14028,以
14031,後
14034,，
14037,讓
14040,我們
14046,再加
14052,一個
14058,<
14059,C
14060,>
14061,<
14062,TextInput
14071,>
14072,<
14073,/
14074,C
14075,>
14076,元件
14082,（
14085,如圖
14091,3
14092,-
14093,9
14094,）
14097,，
14100,這是
14106,一個
14112,讓
14115,使用者
14124,可以
14130,輸入
14136,文字
14142,的
14145,基本
14151,元件
14157,。
14160,

14161,

14162,<
14163,I
14164,>
14165,範例
14171,3
14172,-
14173,9
14174, 
14175,加入
14181,一個
14187,<
14188,TextInput
14197,>
14198,元件
14204,讓
14207,使用者
14216,輸入
14222,文字
14228,<
14229,/
14230,I
14231,>
14232,

14233,

14234,<
14235,C
14236,>
14237,程式
14243,碼
14246,…
14249,略
14252,<
14253,/
14254,C
14255,>
14256,

14257,

14258,<
14259,C
14260,>
14261,<
14262,TextInput
14271,>
14272,<
14273,/
14274,C
14275,>
14276,元件
14282,及
14285,它
14288,的
14291,屬性
14297,在
14300,React
14305, 
14306,Native
14312,文件
14318,（
14321,<
14322,I
14323,>
14324,http
14328,:
14329,/
14330,/
14331,face
14335, 
14336,book
14340,.
14341,github
14347,.
14348,io
14350,/
14351,react
14356,-
14357,native
14363,/
14364,docs
14368,/
14369,textinput
14378,.
14379,html
14383,#
14384,content
14391,<
14392,/
14393,I
14394,>
14395,）
14398,中
14401,可以
14407,查
14410,到
14413,，
14416,你
14419,也
14422,可以
14428,另外
14434,傳一個
14443,回呼
14449,函式給
14458,<
14459,C
14460,>
14461,<
14462,TextInput
14471,>
14472,<
14473,/
14474,C
14475,>
14476,，
14479,用來
14485,監聽
14491,其它
14497,如
14500,<
14501,C
14502,>
14503,onChange
14511,<
14512,/
14513,C
14514,>
14515,或
14518,<
14519,C
14520,>
14521,onFocus
14528,<
14529,/
14530,C
14531,>
14532,事件
14538,等
14541,，
14544,不過
14550,我們
14556,現在還
14565,用不上
14574,就是
14580,了
14583,。
14586,

14587,

14588,注意
14594,前面
14600,幫
14603,<
14604,C
14605,>
14606,<
14607,TextInput
14616,>
14617,<
14618,/
14619,C
14620,>
14621,設定
14627,了
14630,簡單
14636,的
14639,樣式
14645,，
14648,所以
14654,要
14657,將輸入
14666,樣式
14672,加到
14678,你
14681,的
14684,樣式
14690,表中
14696,：
14699,

14700,

14701,[
14702,page
14706,-
14707,25
14709,]
14710,

14711,

14712,<
14713,C
14714,>
14715,程式
14721,碼
14724,…
14727,略
14730,<
14731,/
14732,C
14733,>
14734,

14735,

14736,我們
14742,前面
14748,傳給
14754,onSubmitEditing
14769,屬性
14775,的
14778,回呼
14784,函式
14790,，
14793,也
14796,應該
14802,要
14805,被
14808,加入
14814,該
14817,元件
14823,的
14826,函式
14832,，
14835,如範例
14844,3
14845,-
14846,10
14848,：
14851,

14852,

14853,<
14854,I
14855,>
14856,範例
14862,3
14863,-
14864,10
14866, 
14867,為
14870,<
14871,TextInput
14880,>
14881,元件
14887,準備
14893,的
14896,handleText
14906,回呼
14912,函式
14918,<
14919,/
14920,I
14921,>
14922,

14923,

14924,<
14925,C
14926,>
14927,程式
14933,碼
14936,…
14939,略
14942,<
14943,/
14944,C
14945,>
14946,

14947,

14948,藉由
14954,胖箭頭
14963,語法
14969,，
14972,指定
14978,回呼
14984,函式
14990,和
14993,元件
14999,實例
15005,綁定
15011,，
15014,React
15019,雖然會
15028,將像
15034,<
15035,C
15036,>
15037,render
15043,<
15044,/
15045,C
15046,>
15047,這樣
15053,的
15056,生命
15062,週期
15068,方法
15074,作自動
15083,綁定
15089,，
15092,但
15095,其它
15101,的
15104,方法
15110,就
15113,需要
15119,我們
15125,自己
15131,留心
15137,綁定
15143,問題
15149,了
15152,，
15155,胖箭頭
15164,的
15167,功能
15173,在
15176,範例
15182,A
15183,-
15184,8
15185,中
15188,說明
15194,。
15197,

15198,

15199,還要
15205,更新
15211,<
15212,C
15213,>
15214,import
15220,<
15221,/
15222,C
15223,>
15224,述句
15230,，
15233,如範例
15242,3
15243,-
15244,11
15246,所示
15252,：
15255,

15256,

15257,<
15258,I
15259,>
15260,範例
15266, 
15267,3
15268,-
15269,11
15271, 
15272,在
15275,React
15280, 
15281,Native
15287,中
15290,引入
15296,UI
15298,元素
15304,<
15305,/
15306,I
15307,>
15308,

15309,

15310,<
15311,C
15312,>
15313,程式
15319,碼
15322,…
15325,略
15328,<
15329,/
15330,C
15331,>
15332,

15333,

15334,現在
15340,可以
15346,在
15349,iOS
15352,模擬器
15361,或是
15367,Android
15374,模擬器
15383,中試
15389,跑
15392,看看
15398,你
15401,的
15404,應用
15410,程式
15416,了
15419,，
15422,它現
15428,在
15431,長
15434,的
15437,不是
15443,太漂亮
15452,，
15455,但
15458,你
15461,還是
15467,可以
15473,成功
15479,地送
15485,出郵遞
15494,區號
15500,，
15503,並
15506,看到
15512,它
15515,出現
15521,在
15524,<
15525,Text
15529,>
15530,元件
15536,中
15539,。
15542,

15543,

15544,如果
15550,要
15553,的
15556,話
15559,，
15562,可以
15568,在
15571,此處
15577,加入
15583,一些
15589,輸入
15595,驗證
15601,程式
15607,碼
15610,，
15613,以確
15619,保
15622,使用者
15631,輸入
15637,的
15640,是
15643,五位
15649,數的
15655,數字
15661,，
15664,不過現
15673,在
15676,先
15679,跳過
15685,。
15688,

15689,

15690,範例
15696,3
15697,-
15698,12
15700, 
15701,是
15704,<
15705,I
15706,>
15707,WeatherProject
15721,.
15722,js
15724,<
15725,/
15726,I
15727,>
15728,元件
15734,到
15737,目前
15743,所有
15749,的
15752,程式
15758,碼
15761,。
15764,

15765,

15766,<
15767,I
15768,>
15769,範例
15775,3
15776,-
15777,12
15779, 
15780, 
15781,可以
15787,接收
15793,並記錄
15802,使用者
15811,輸入
15817,的
15820,WeatherProject
15834,.
15835,js
15837,版本
15843,<
15844,/
15845,I
15846,>
15847,

15848,

15849,<
15850,C
15851,>
15852,程式
15858,碼
15861,…
15864,略
15867,<
15868,/
15869,C
15870,>
15871,

15872,

15873,[
15874,page
15878,-
15879,26
15881,]
15882,

15883,

15884,<
15885,H3
15887,>
15888,顯示
15894,資料
15900,<
15901,/
15902,H3
15904,>
15905,

15906,

15907,現在
15913,要
15916,做
15919,的
15922,是
15925,依郵遞
15934,區號
15940,顯示
15946,天氣
15952,資料
15958,，
15961,從
15964,加入
15970,一些
15976,假數
15982,據
15985,到
15988,<
15989,C
15990,>
15991,WeatherProject
16005,.
16006,js
16008,<
16009,/
16010,C
16011,>
16012,中
16015,的
16018,初始
16024,設定
16030,中
16033,開始
16039,：
16042,

16043,

16044,<
16045,C
16046,>
16047,程式
16053,碼
16056,…
16059,略
16062,<
16063,/
16064,C
16065,>
16066,

16067,

16068,[
16069,page
16073,-
16074,27
16076,]
16077,

16078,

16079,為
16082,了
16085,乾淨
16091,起見
16097,，
16100,讓
16103,我們
16109,把
16112,顯示
16118,天氣
16124,的
16127,部份
16133,拉
16136,到
16139,另外
16145,一個
16151,元件
16157,，
16160,建一個
16169,叫做
16175,<
16176,C
16177,>
16178,forcast
16185,.
16186,js
16188,<
16189,/
16190,C
16191,>
16192,的
16195,新
16198,檔
16201,（
16204,如範例
16213,3
16214,-
16215,13
16217,）
16220,：
16223,

16224,

16225,<
16226,I
16227,>
16228,範例
16234,3
16235,-
16236,13
16238, 
16239,forcast
16246,.
16247,js
16249,中
16252,的
16255,<
16256,Forecast
16264,>
16265,元件
16271, 
16272,<
16273,/
16274,I
16275,>
16276,

16277,

16278,<
16279,C
16280,>
16281,程式
16287,碼
16290,…
16293,略
16296,<
16297,/
16298,C
16299,>
16300,

16301,

16302,<
16303,C
16304,>
16305,<
16306,Forecast
16314,>
16315,<
16316,/
16317,C
16318,>
16319,元件
16325,只會
16331,render
16337,一些
16343,它
16346,的
16349,<
16350,Text
16354,>
16355,類屬性
16364,，
16367,在
16370,檔案
16376,的
16379,尾端
16385,還加
16391,了
16394,一些
16400,簡單
16406,的
16409,樣式
16415,設定
16421,，
16424,比方
16430,說
16433,設定
16439,文字
16445,色彩
16451,。
16454,

16455,

16456,引入
16462,<
16463,C
16464,>
16465,<
16466,Forecast
16474,>
16475,<
16476,/
16477,C
16478,>
16479,元件
16485,，
16488,並將
16494,它
16497,加入
16503,你
16506,app
16509,的
16512,render
16518,方法
16524,中
16527,，
16530,用
16533,<
16534,C
16535,>
16536,this
16540,.
16541,state
16546,.
16547,forecast
16555,<
16556,/
16557,C
16558,>
16559,傳遞
16565,它
16568,的
16571,屬性
16577,（
16580,如範例
16589,3
16590,-
16591,14
16593,）
16596,，
16599,我們
16605,之後再
16614,回來
16620,處理
16626,它
16629,的
16632,布局
16638,和
16641,樣式
16647,，
16650,<
16651,C
16652,>
16653,<
16654,Forecast
16662,>
16663,<
16664,/
16665,C
16666,>
16667,元件
16673,最後會
16682,在
16685,圖
16688,3
16689,-
16690,4
16691,中呈現
16700,出來
16706,。
16709,

16710,

16711,<
16712,I
16713,>
16714,範例
16720,3
16721,-
16722,14
16724, 
16725,WeatherProject
16739,.
16740,js
16742,內容
16748,，
16751,更新
16757,了
16760,<
16761,Forcast
16768,>
16769,元件
16775,相關
16781,程式
16787,<
16788,/
16789,I
16790,>
16791,

16792,

16793,<
16794,C
16795,>
16796,程式
16802,碼
16805,…
16808,略
16811,<
16812,/
16813,C
16814,>
16815,

16816,

16817,礙於現
16826,在
16829,還沒有
16838,真的
16844,天氣
16850,資料
16856,，
16859,所以
16865,現在
16871,看不到
16880,任何
16886,顯示
16892,。
16895,

16896,

16897,<
16898,H3
16900,>
16901,從網
16907,站上
16913,抓取
16919,資料
16925,<
16926,/
16927,H3
16929,>
16930,

16931,

16932,接下
16938,來
16941,，
16944,要用
16950,上
16953,React
16958, 
16959,Native
16965,的
16968,網路
16974,API
16977,了
16980,，
16983,你
16986,不
16989,需要
16995,在手
17001,機上
17007,用
17010,JQuery
17016,去
17019,傳送
17025,AJAX
17029, 
17030,request
17037,，
17040,React
17045, 
17046,Native
17052,實作
17058,了
17061,Fetch
17066, 
17067,API
17070,，
17073,它
17076,的
17079,語法基
17088,於
17091,Promise
17098,，
17101,相當
17107,的
17110,簡單
17116,。
17119,

17120,

17121,<
17122,I
17123,>
17124,範例
17130,3
17131,-
17132,15
17134, 
17135,使用
17141,React
17146, 
17147,Native
17153,的
17156,Fetch
17161, 
17162,API
17165,<
17166,/
17167,I
17168,>
17169,

17170,<
17171,C
17172,>
17173,程式
17179,碼
17182,…
17185,略
17188,<
17189,/
17190,C
17191,>
17192,

17193,

17194,如果
17200,對
17203,於
17206,Promise
17213,不熟
17219,的
17222,話
17225,，
17228,可以
17234,參考
17240,213
17243,頁
17246,的
17249,“
17252,使用
17258,Promise
17265,”
17268,。
17271,

17272,

17273,我們
17279,將要
17285,使用
17291,OpenWeatherMap
17305, 
17306,API
17309,，
17312,這種
17318,API
17321,提供
17327,我們
17333,一個
17339,簡單
17345,的
17348,端點
17354,，
17357,讓
17360,我們
17366,取回
17372,給定
17378,郵遞
17384,區號
17390,地區
17396,的
17399,天氣
17405,情況
17411,，
17414,<
17415,I
17416,>
17417,open
17421,_
17422,weather
17429,_
17430,map
17433,.
17434,js
17436, 
17437,<
17438,/
17439,I
17440,>
17441,中有
17447,一個
17453,小
17456,的
17459,函式
17465,庫
17468,，
17471,讓
17474,我們
17480,可以
17486,使用
17492,這組
17498,API
17501,，
17504,如範例
17513,3
17514,-
17515,16
17517,。
17520,

17521,

17522,<
17523,I
17524,>
17525,範例
17531,3
17532,-
17533,16
17535, 
17536,src
17539,/
17540,weather
17547,/
17548,open
17552,_
17553,weather
17560,_
17561,map
17564,.
17565,js
17567,中
17570,的
17573,OpenWeatherMap
17587,函式
17593,庫
17596,<
17597,/
17598,I
17599,>
17600,

17601,

17602,<
17603,C
17604,>
17605,程式
17611,碼
17614,…
17617,略
17620,<
17621,/
17622,C
17623,>
17624,

17625,

17626,現在
17632,引入
17638,它
17641,：
17644,

17645,

17646,<
17647,C
17648,>
17649,程式
17655,碼
17658,…
17661,略
17664,<
17665,/
17666,C
17667,>
17668,

17669,

17670,將
17673,指定
17679,給
17682,<
17683,C
17684,>
17685,<
17686,TextInput
17695,>
17696,<
17697,/
17698,C
17699,>
17700,元件
17706,的
17709,回呼
17715,函式
17721,改為
17727,使用
17733,OpenWeatherMap
17747, 
17748,API
17751,，
17754,如
17757, 
17758,範例
17764,3
17765,-
17766,17
17768,。
17771,

17772,

17773,<
17774,I
17775,>
17776,範例
17782, 
17783,3
17784,-
17785,17
17787,透過
17793,OpenWeatherMap
17807, 
17808,API
17811,取得
17817,資料
17823,<
17824,/
17825,I
17826,>
17827,

17828,

17829,<
17830,C
17831,>
17832,程式
17838,碼
17841,…
17844,略
17847,<
17848,/
17849,C
17850,>
17851,

17852,

17853,為
17856,了
17859,之後能
17868,有
17871,檢查
17877,資訊
17883,，
17886,在
17889,這裡
17895,將天氣
17904,資料
17910,記錄
17916,下來
17922,十分
17928,有用
17934,，
17937,可以
17943,看
17946, 
17947,141
17950,頁
17953,的
17956,“
17959,利用
17965,console
17972,.
17973,log
17976,進行
17982,除錯
17988,”
17991,裡面
17997,有
18000,如何
18006,查看
18012,終端
18018,機輸出
18027,的
18030,詳細
18036,說明
18042,。
18045,

18046,

18047,最
18050,後
18053,，
18056,要
18059,為
18062,進行樣
18071,式
18074,更新
18080,，
18083,這樣
18089,我們
18095,才能
18101,看到
18107,天氣
18113,資料
18119,被
18122,render
18128,出來
18134,：
18137,

18138,

18139,<
18140,C
18141,>
18142,程式
18148,碼
18151,…
18154,略
18157,<
18158,/
18159,C
18160,>
18161,

18162,

18163,現在
18169,，
18172,當你輸入
18184,完郵遞
18193,區號
18199,後
18202,，
18205,你
18208,應該
18214,就
18217,可以
18223,看到
18229,實際
18235,天氣
18241,資料
18247,顯示
18253,了
18256,（
18259,圖
18262,3
18263,-
18264,4
18265,）
18268,。
18271,

18272,

18273,[
18274,page
18278,-
18279,31
18281,]
18282,

18283,

18284,<
18285,圖
18288,>
18289,<
18290,/
18291,圖
18294,>
18295, 
18296,

18297,<
18298,I
18299,>
18300,圖
18303,3
18304,-
18305,4
18306, 
18307,目前
18313,為止
18319,的
18322,天氣
18328,app
18331,<
18332,/
18333,I
18334,>
18335,

18336,

18337,<
18338,I
18339,>
18340,WeatherProject
18354,.
18355,js
18357,<
18358,/
18359,I
18360,>
18361,目前
18367,的
18370,程式
18376,碼如範例
18388,3
18389,-
18390,18
18392,。
18395,

18396,

18397,<
18398,I
18399,>
18400,範例
18406,3
18407,-
18408,18
18410, 
18411,WeatherProject
18425,.
18426,js
18428,：
18431,現在
18437,有
18440,真的
18446,資料
18452,了
18455,！
18458,<
18459,/
18460,I
18461,>
18462,

18463,

18464,<
18465,C
18466,>
18467,程式
18473,碼
18476,…
18479,略
18482,<
18483,/
18484,C
18485,>
18486,

18487,

18488,[
18489,page
18493,-
18494,32
18496,]
18497,

18498,

18499,<
18500,H3
18502,>
18503,加入
18509,背景
18515,圖
18518,<
18519,/
18520,H3
18522,>
18523,

18524,純色
18530,背景
18536,看起
18542,來
18545,蠻
18548,無聊
18554,的
18557,，
18560,把
18563,它
18566,改成
18572,搭配
18578,我們
18584,天氣
18590,資料
18596,的
18599,背景
18605,圖片
18611,吧
18614,。
18617,

18618,

18619,[
18620,page
18624,-
18625,33
18627,]
18628,

18629,

18630,使用
18636,圖片
18642,資產
18648,的
18651,方法
18657,和
18660,其它
18666,程式
18672,碼資產
18681,差不多
18690,：
18693,你
18696,可以
18702,用
18705,<
18706,C
18707,>
18708,require
18715,<
18716,/
18717,C
18718,>
18719,呼叫
18725,來
18728,代入
18734,它們
18740,，
18743,我們
18749,將要
18755,使用
18761,一個
18767,叫
18770,<
18771,I
18772,>
18773,flowers
18780,.
18781,png
18784,<
18785,/
18786,I
18787,>
18788,的
18791,檔案
18797,作為
18803,背景
18809,圖片
18815,，
18818,所以
18824,代入
18830,的
18833,方法
18839,像
18842,這樣
18848,：
18851,

18852,

18853,<
18854,C
18855,>
18856,程式
18862,碼
18865,…
18868,略
18871,<
18872,/
18873,C
18874,>
18875,

18876,

18877,這個
18883,像
18886,像
18889,檔
18892,可以
18898,在
18901,GitHub
18907, 
18908,repository
18918,取得
18924,（
18927,<
18928,I
18929,>
18930,https
18935,:
18936,/
18937,/
18938,github
18944,.
18945,com
18948,/
18949,bonniee
18956,/
18957,learning
18965,-
18966,react
18971,-
18972,native
18978,/
18979,blob
18983,/
18984,2.0
18987,.
18988,0
18989,/
18990,src
18993,/
18994,weather
19001,/
19002,flowers
19009,.
19010,png
19013,<
19014,/
19015,I
19016,>
19017,）
19020,。
19023,

19024,

19025,和
19028,JavaScript
19038,資產
19044,一樣
19050,，
19053,如果
19059,你
19062,<
19063,I
19064,>
19065,flowers
19072,.
19073,ios
19076,.
19077,png
19080,<
19081,/
19082,I
19083,>
19084,以及
19090,<
19091,I
19092,>
19093,flowers
19100,.
19101,android
19108,.
19109,png
19112,<
19113,/
19114,I
19115,>
19116,兩個
19122,檔案
19128,，
19131,那
19134,React
19139, 
19140,Native
19146,套件
19152,管理
19158,會
19161,依
19164,平台
19170,不同
19176,，
19179,分別
19185,載入
19191,適當
19197,的
19200,影像
19206,。
19209,另外
19215,，
19218,如果
19224,為
19227,不同
19233,影像
19239,指定
19245,了
19248,<
19249,C
19250,>
19251,@
19252,2x
19254,<
19255,/
19256,C
19257,>
19258,和
19261,<
19262,C
19263,>
19264,@
19265,3x
19267,<
19268,/
19269,C
19270,>
19271,的
19274,後
19277,贅
19280,名稱
19286,的
19289,話
19292,，
19295,也
19298,會
19301,依當時
19310,畫面
19316,解析度
19325,載入
19331,適當
19337,大小
19343,的
19346,影像
19352,，
19355,所以
19361,我們
19367,可以
19373,將專
19379,案目
19385,錄組織
19394,成類
19400,似
19403,下面
19409,的
19412,樣子
19418,：
19421,

19422,

19423,<
19424,C
19425,>
19426,程式
19432,碼
19435,…
19438,略
19441,<
19442,/
19443,C
19444,>
19445,

19446,

19447,要
19450,為
19453,<
19454,C
19455,>
19456,<
19457,View
19461,>
19462,<
19463,/
19464,C
19465,>
19466,加入
19472,背影
19478,圖
19481,，
19484,不
19487,需要
19493,像
19496,寫
19499,網頁
19505,時
19508,一樣
19514,，
19517,在
19520,<
19521,C
19522,>
19523,<
19524,div
19527,>
19528,<
19529,/
19530,C
19531,>
19532,中
19535,設定
19541,<
19542,C
19543,>
19544,background
19554,<
19555,/
19556,C
19557,>
19558,屬性
19564,，
19567,而是
19573,使用
19579,一個
19585,<
19586,C
19587,>
19588,<
19589,Image
19594,>
19595,<
19596,/
19597,C
19598,>
19599,元件
19605,當作
19611,容器
19617,：
19620,

19621,

19622,<
19623,C
19624,>
19625,程式
19631,碼
19634,…
19637,略
19640,<
19641,/
19642,C
19643,>
19644,

19645,

19646,要
19649,填好
19655,<
19656,C
19657,>
19658,<
19659,Image
19664,>
19665,<
19666,/
19667,C
19668,>
19669,元件
19675,的
19678,<
19679,C
19680,>
19681,source
19687,<
19688,/
19689,C
19690,>
19691,屬性
19697,，
19700,值
19703,和
19706,我們
19712,在
19715,<
19716,C
19717,>
19718,require
19725,中
19728,指定
19734,的
19737,一樣
19743,。
19746,

19747,

19748,別
19751,忘
19754,了
19757,指定
19763,<
19764,C
19765,>
19766,flexDirection
19779,<
19780,/
19781,C
19782,>
19783,樣式
19789,，
19792,這樣
19798,它
19801,的
19804,子項
19810,才
19813,會
19816,像
19819,我們
19825,想要
19831,的
19834,那樣
19840,render
19846,：
19849,

19850,

19851,<
19852,C
19853,>
19854,程式
19860,碼
19863,…
19866,略
19869,<
19870,/
19871,C
19872,>
19873,

19874,

19875,現在
19881,來
19884,為
19887,<
19888,C
19889,>
19890,<
19891,Image
19896,>
19897,<
19898,/
19899,C
19900,>
19901,元件
19907,加一點子
19919,項
19922,，
19925,請將
19931,<
19932,C
19933,>
19934,<
19935,WeatherProject
19949,>
19950,<
19951,/
19952,C
19953,>
19954,元件
19960,中
19963,的
19966,<
19967,C
19968,>
19969,render
19975,<
19976,/
19977,C
19978,>
19979,方法
19985,改為
19991,回傳
19997,以下
20003,內容
20009,：
20012,

20013,

20014,<
20015,C
20016,>
20017,程式
20023,碼
20026,…
20029,略
20032,<
20033,/
20034,C
20035,>
20036,

20037,

20038,你
20041,看到
20047,我加
20053,了
20056,一些
20062,之前
20068,沒
20071,用到
20077,的
20080,樣式
20086,了
20089,吧
20092,，
20095,例如
20101,<
20102,C
20103,>
20104,row
20107,<
20108,/
20109,C
20110,>
20111,、
20114,<
20115,C
20116,>
20117,overlay
20124,<
20125,/
20126,C
20127,>
20128,、
20131,<
20132,C
20133,>
20134,zipContainer
20146,<
20147,/
20148,C
20149,>
20150,以及
20156,<
20157,C
20158,>
20159,zipCode
20166,<
20167,/
20168,C
20169,>
20170,，
20173,你
20176,可以
20182,到
20185,範例
20191,3
20192,-
20193,19
20195,中
20198,看到
20204,完整
20210,的
20213,樣式
20219,表設定
20228,。
20231,

20232,

20233,<
20234,H3
20236,>
20237,全部
20243,合體
20249,<
20250,/
20251,H3
20253,>
20254,

20255,

20256,為
20259,完成
20265,最
20268,後
20271,版本
20277,的
20280,天氣
20286,app
20289,，
20292,我
20295,已將
20301,<
20302,C
20303,>
20304,<
20305,WeatherProject
20319,>
20320,<
20321,/
20322,C
20323,>
20324,元件
20330,的
20333,<
20334,C
20335,>
20336,render
20342,<
20343,/
20344,C
20345,>
20346,方法
20352,修改
20358,完成
20364,並
20367,加上
20373,樣式
20379,，
20382,主要
20388,的
20391,變化
20397,在
20400,畫面
20406,布局
20412,，
20415,結果
20421,如圖
20427,3
20428,-
20429,5
20430,：
20433,

20434,

20435,<
20436,圖
20439,>
20440,<
20441,/
20442,圖
20445,>
20446, 
20447,

20448,<
20449,I
20450,>
20451,圖
20454,3
20455,-
20456,5
20457, 
20458,最後的
20467,天氣
20473,app
20476,長
20479,相
20482,<
20483,/
20484,I
20485,>
20486,

20487,

20488,[
20489,page
20493,-
20494,35
20496,]
20497,

20498,

20499,準備
20505,好
20508,要
20511,一
20514,窺
20517,全貌
20523,了
20526,嗎
20529,？
20532,範例
20538,3
20539,-
20540,19
20542,就是
20548,<
20549,C
20550,>
20551,<
20552,WeatherProject
20566,>
20567,<
20568,/
20569,C
20570,>
20571,元件
20577,包括
20583,樣式表
20592,的
20595,最
20598,後
20601,完整
20607,的
20610,程式
20616,碼
20619,。
20622,<
20623,C
20624,>
20625,<
20626,Forecast
20634,>
20635,<
20636,/
20637,C
20638,>
20639,元件
20645,的
20648,內容則
20657,和
20660,前面
20666,範例
20672,3
20673,-
20674,13
20676,處一樣
20685,。
20688,

20689,

20690,<
20691,I
20692,>
20693,範例
20699, 
20700,3
20701,-
20702,19
20704, 
20705,<
20706,C
20707,>
20708,<
20709,WeatherProject
20723,>
20724,<
20725,/
20726,C
20727,>
20728,完整
20734,程式
20740,碼
20743,<
20744,/
20745,I
20746,>
20747,

20748,

20749,<
20750,C
20751,>
20752,程式
20758,碼
20761,…
20764,略
20767,<
20768,/
20769,C
20770,>
20771,

20772,

20773,[
20774,page
20778,-
20779,36
20781,]
20782,

20783,

20784,做
20787,完
20790,了
20793,，
20796,請試
20802,著
20805,執行
20811,應用
20817,程式
20823,，
20826,不論
20832,是
20835,在
20838,Android
20845,以及
20851,iOS
20854,上
20857,，
20860,模擬器
20869,或
20872,實際
20878,裝置
20884,上
20887,都
20890,可以
20896,執行
20902,，
20905,你
20908,還想
20914,改些
20920,什麼
20926,或
20929,增加
20935,什麼
20941,功能
20947,嗎
20950,？
20953,

20954,

20955,你
20958,可以
20964,到
20967,GitHub
20973, 
20974,repository
20984,（
20987,<
20988,I
20989,>
20990,https
20995,:
20996,/
20997,/
20998,github
21004,.
21005,com
21008,/
21009,bonniee
21016,/
21017,learning
21025,-
21026,react
21031,-
21032,native
21038,/
21039,tree
21043,/
21044,2.0
21047,.
21048,0
21049,/
21050,src
21053,/
21054,weather
21061, 
21062,<
21063,/
21064,I
21065,>
21066,）
21069,上
21072,取得
21078,完整
21084,的
21087,程式
21093,。
21096,

21097,

21098,[
21099,page
21103,-
21104,37
21106,]
21107,

21108,

21109,<
21110,H2
21112,>
21113,本章
21119,總結
21125,<
21126,/
21127,H2
21129,>
21130,

21131,

21132,這是
21138,我們
21144,第一
21150,隻
21153,完整
21159,的
21162,應用
21168,程式
21174,，
21177,其實
21183,已
21186,經講
21192,了
21195,一堆
21201,的
21204,基本概念
21216,，
21219,包括
21225,使用
21231,了
21234,新
21237,的
21240,UI
21242,元件
21248,<
21249,TextInput
21258,>
21259,，
21262,以及
21268,學習
21274,如何
21280,用
21283,它
21286,來
21289,取得
21295,使用者
21304,的
21307,輸入
21313,。
21316,另外
21322,介紹
21328,了
21331,React
21336, 
21337,NAtive
21343,如何
21349,實作
21355,基本
21361,的
21364,樣式
21370,設定
21376,，
21379,以及
21385,如何
21391,使用
21397,影像
21403,，
21406,還有
21412,為
21415,應用
21421,程式
21427,引入
21433,資產
21439,，
21442,最後還學
21454,了
21457,如何
21463,使用
21469,React
21474, 
21475,Native
21481,的
21484,網路
21490,API
21493,，
21496,用
21499,它
21502,取得
21508,外部
21514,網站
21520,的
21523,資料
21529,，
21532,以
21535,第一
21541,個
21544,應用
21550,程式
21556,來
21559,說
21562,，
21565,這些
21571,功能
21577,其實
21583,還不賴
21592,！
21595,

21596,

21597,希望
21603,這章
21609,表達
21615,了
21618,使用
21624,React
21629, 
21630,Native
21636,後
21639,，
21642,你
21645,可以
21651,在手
21657,機上
21663,駕輕
21669,就
21672,熟地
21678,，
21681,快速
21687,建好
21693,一個
21699,具有
21705,實用
21711,功能
21717,的
21720,應用
21726,程式
21732,。
21735,

21736,

21737,如果
21743,你
21746,想要
21752,擴展
21758,這
21761,隻
21764,應用
21770,程式
21776,的
21779,功能
21785,，
21788,以下
21794,是
21797,幾個
21803,方向
21809,：
21812,

21813,

21814,*
21815,依天氣
21824,狀況
21830,不同
21836,，
21839, 
21840,顯示
21846,更
21849,多
21852,不同
21858,影像
21864,

21865,*
21866,驗證
21872,檢查
21878,郵遞
21884,區號
21890,的
21893,欄位
21899,正
21902,確性
21908,

21909,*
21910,在
21913,輸入
21919,郵遞
21925,區號
21931,時
21934,，
21937,改用
21943,更
21946,適當
21952,的
21955,鍵盤
21961,

21962,*
21963,顯示
21969,5
21970,天
21973,的
21976,天氣
21982,預測
21988,資訊
21994,

21995,

21996,之
21999,後
22002,我們
22008,會
22011,講到
22017,更
22020,多功能
22029,，
22032,例如
22038,地理位置
22050,資訊
22056,，
22059,你
22062,就
22065,可以
22071,為
22074,天氣
22080,app
22083,加入
22089,更
22092,多功能
22101,囉
22104,。
22107,

22108,

22109,當然
22115,，
22118,這章
22124,只是
22130,快速
22136,的
22139,帶過
22145,，
22148,在
22151,之
22154,後
22157,的
22160,幾個
22166,章節
22172,，
22175,我們
22181,會
22184,專注
22190,在
22193,深入
22199,理解
22205,React
22210, 
22211,Native
22217,，
22220,並學習
22229,怎麼
22235,使用
22241,更
22244,多
22247,的
22250,功能
22256,。
22259,

22260,

22261,

